<Customization level="2" description="" product-version="17.205">
    <File AppRelativePath="Bin\AM.LicenseTest.dll" />
    <File AppRelativePath="Pages\AM\AM102010.aspx" />
    <File AppRelativePath="Pages\AM\AM102010.aspx.cs" />
    <SiteMapNode>
        <data-set>
            <relations format-version="3" relations-version="20160101" main-table="SiteMap">
                <link from="MUIScreen (NodeID)" to="SiteMap (NodeID)" />
                <link from="MUIWorkspace (WorkspaceID)" to="MUIScreen (WorkspaceID)" type="FromMaster" linkname="workspaceToScreen" split-location="yes" updateable="True" />
                <link from="MUISubcategory (SubcategoryID)" to="MUIScreen (SubcategoryID)" type="FromMaster" updateable="True" />
                <link from="MUITile (ScreenID)" to="SiteMap (ScreenID)" />
                <link from="MUIWorkspace (WorkspaceID)" to="MUITile (WorkspaceID)" type="FromMaster" linkname="workspaceToTile" split-location="yes" updateable="True" />
                <link from="MUIArea (AreaID)" to="MUIWorkspace (AreaID)" type="FromMaster" updateable="True" />
                <link from="MUIPinnedScreen (NodeID, WorkspaceID)" to="MUIScreen (NodeID, WorkspaceID)" type="WeakIfEmpty" isEmpty="Username" />
                <link from="MUIFavoriteWorkspace (WorkspaceID)" to="MUIWorkspace (WorkspaceID)" type="WeakIfEmpty" isEmpty="Username" />
            </relations>
            <layout>
                <table name="SiteMap">
                    <table name="MUIScreen" uplink="(NodeID) = (NodeID)">
                        <table name="MUIPinnedScreen" uplink="(NodeID, WorkspaceID) = (NodeID, WorkspaceID)" />
                    </table>
                    <table name="MUITile" uplink="(ScreenID) = (ScreenID)" />
                </table>
                <table name="MUIWorkspace">
                    <table name="MUIFavoriteWorkspace" uplink="(WorkspaceID) = (WorkspaceID)" />
                </table>
                <table name="MUISubcategory" />
                <table name="MUIArea" />
            </layout>
            <data>
                <SiteMap>
                    <row Position="3" Title="License Test Page" Url="~/Pages/AM/AM102010.aspx" Expanded="0" IsFolder="0" ScreenID="AM102010" NodeID="2a2135a2-c5b8-4477-8d55-955a5c930466" ParentID="48947126-dc84-4f2b-97ad-08c353a0e750" />
                </SiteMap>
            </data>
        </data-set>
    </SiteMapNode>
    <Sql TableName="AMLicenseTest" TableSchemaXml="#CDATA">
        <CDATA name="TableSchemaXml"><![CDATA[<table name="AMLicenseTest">
  <col name="CompanyID" type="Int" default="Zero" />
  <col name="TableID" type="Int" identity="true" />
  <col name="TextField" type="NVarChar(100)" nullable="true" />
  <col name="CreatedByID" type="UniqueIdentifier" />
  <col name="CreatedByScreenID" type="Char(8)" />
  <col name="CreatedDateTime" type="DateTime" />
  <col name="LastModifiedByID" type="UniqueIdentifier" />
  <col name="LastModifiedByScreenID" type="Char(8)" />
  <col name="LastModifiedDateTime" type="DateTime" />
  <col name="tstamp" type="Timestamp" />
  <index name="AMLicenseTest_PK" clustered="true" primary="true" unique="true">
    <col name="CompanyID" />
  </index>
</table>]]></CDATA>
    </Sql>
</Customization>